{"f1/train": 0.7195121951219512, "_timestamp": 1717353839.9523346, "f1/validation": 0.39436619718309857, "f1/test": 0.6719999999999999, "best_test_f1": 0.7175572519083969, "_runtime": 12.135161638259888, "_step": 99, "_wandb": {"runtime": 11}}