{"f1/train": 0.8406466512702078, "_timestamp": 1717354862.542462, "f1/validation": 0.7346938775510203, "f1/test": 0.8630136986301371, "best_test_f1": 0.8125, "_runtime": 11.421093225479126, "_step": 99, "_wandb": {"runtime": 10}}